{
    "amazon.com": {
        "ipv4_addresses": [
            "176.32.103.205",
            "54.239.28.85",
            "205.251.242.103"
        ],
        "ipv6_addresses": [],
        "scan_time": 1646243108.0985072
    },
    "asee.org": {
        "ipv4_addresses": [
            "20.49.104.48"
        ],
        "ipv6_addresses": [],
        "scan_time": 1646243201.2757683
    },
    "auditoryneuroscience.com": {
        "ipv4_addresses": [
            "144.214.26.111"
        ],
        "ipv6_addresses": [],
        "scan_time": 1646243194.8620253
    },
    "clocktab.com": {
        "ipv4_addresses": [
            "172.64.80.1",
            "104.21.35.119",
            "172.67.220.24"
        ],
        "ipv6_addresses": [
            "2606:4700:130:436c:6f75:6466:6c61:7265",
            "2606:4700:3030::6815:2377",
            "2606:4700:3036::ac43:dc18"
        ],
        "scan_time": 1646243191.3912327
    },
    "en.wikipedia.org": {
        "ipv4_addresses": [
            "208.80.154.224",
            "91.198.174.192",
            "208.80.153.224"
        ],
        "ipv6_addresses": [
            "2620:0:862:ed1a::1",
            "2620:0:860:ed1a::1",
            "2620:0:861:ed1a::1"
        ],
        "scan_time": 1646243095.7432115
    },
    "facebook.com": {
        "ipv4_addresses": [
            "157.240.9.35",
            "157.240.2.35",
            "31.13.93.35",
            "157.240.18.35",
            "157.240.20.35"
        ],
        "ipv6_addresses": [
            "2a03:2880:f134:183:face:b00c:0:25de",
            "2a03:2880:f127:283:face:b00c:0:25de",
            "2a03:2880:f127:83:face:b00c:0:25de",
            "2a03:2880:f11c:8183:face:b00c:0:25de",
            "2a03:2880:f128:83:face:b00c:0:25de"
        ],
        "scan_time": 1646243103.5017538
    },
    "fandom.com": {
        "ipv4_addresses": [
            "151.101.64.194",
            "151.101.128.194",
            "151.101.192.194",
            "151.101.0.194"
        ],
        "ipv6_addresses": [],
        "scan_time": 1646243125.3849554
    },
    "gradeinflation.com": {
        "ipv4_addresses": [
            "51.79.45.180"
        ],
        "ipv6_addresses": [],
        "scan_time": 1646243207.9607332
    },
    "illinois.edu": {
        "ipv4_addresses": [
            "192.17.172.3"
        ],
        "ipv6_addresses": [],
        "scan_time": 1646243180.0571692
    },
    "imdb.com": {
        "ipv4_addresses": [
            "52.94.225.248",
            "52.94.237.74",
            "52.94.228.167"
        ],
        "ipv6_addresses": [],
        "scan_time": 1646243119.5766025
    },
    "instagram.com": {
        "ipv4_addresses": [
            "31.13.72.174",
            "31.13.93.174",
            "157.240.18.174",
            "185.60.216.174",
            "157.240.9.174",
            "157.240.15.174",
            "157.240.2.174"
        ],
        "ipv6_addresses": [
            "2a03:2880:f228:e5:face:b00c:0:4420",
            "2a03:2880:f20a:e5:face:b00c:0:4420",
            "2a03:2880:f270:e9:face:b00c:0:4420",
            "2a03:2880:f227:2e5:face:b00c:0:4420",
            "2a03:2880:f234:1e5:face:b00c:0:4420",
            "2a03:2880:f227:e5:face:b00c:0:4420"
        ],
        "scan_time": 1646243140.8650696
    },
    "it.eecs.northwestern.edu": {
        "ipv4_addresses": [
            "129.105.5.142"
        ],
        "ipv6_addresses": [],
        "scan_time": 1646243168.4811492
    },
    "kellogg.northwestern.edu": {
        "ipv4_addresses": [
            "165.124.147.150",
            "165.124.129.72"
        ],
        "ipv6_addresses": [],
        "scan_time": 1646243157.375462
    },
    "kli.org": {
        "ipv4_addresses": [
            "188.114.97.2",
            "172.67.132.72",
            "104.21.4.169",
            "172.64.80.1",
            "188.114.96.2"
        ],
        "ipv6_addresses": [
            "2606:4700:130:436c:6f75:6466:6c61:7265",
            "2606:4700:3033::6815:4a9",
            "2606:4700:3035::ac43:8448",
            "2a06:98c1:3121::2",
            "2a06:98c1:3120::2"
        ],
        "scan_time": 1646243222.4047332
    },
    "mccormick.northwestern.edu": {
        "ipv4_addresses": [
            "129.105.1.129"
        ],
        "ipv6_addresses": [],
        "scan_time": 1646243152.3762975
    },
    "northwestern.edu": {
        "ipv4_addresses": [
            "129.105.136.48"
        ],
        "ipv6_addresses": [],
        "scan_time": 1646243147.4466574
    },
    "pinterest.com": {
        "ipv4_addresses": [
            "151.101.0.84",
            "151.101.192.84",
            "151.101.64.84",
            "151.101.128.84"
        ],
        "ipv6_addresses": [],
        "scan_time": 1646243129.7897482
    },
    "pmichaud.com": {
        "ipv4_addresses": [
            "23.254.203.248"
        ],
        "ipv6_addresses": [],
        "scan_time": 1646243217.1058977
    },
    "reddit.com": {
        "ipv4_addresses": [
            "151.101.65.140",
            "151.101.1.140",
            "151.101.193.140",
            "151.101.129.140"
        ],
        "ipv6_addresses": [],
        "scan_time": 1646243116.2737641
    },
    "spacejam.com": {
        "ipv4_addresses": [
            "75.2.104.223",
            "99.83.180.228"
        ],
        "ipv6_addresses": [],
        "scan_time": 1646243213.5141659
    },
    "stevetarzia.com": {
        "ipv4_addresses": [
            "54.245.121.172"
        ],
        "ipv6_addresses": [],
        "scan_time": 1646243184.348021
    },
    "tripadvisor.com": {
        "ipv4_addresses": [
            "151.101.194.28",
            "151.101.130.28",
            "151.101.66.28",
            "151.101.2.28"
        ],
        "ipv6_addresses": [],
        "scan_time": 1646243134.3190186
    },
    "twitter.com": {
        "ipv4_addresses": [
            "104.244.42.65",
            "104.244.42.193",
            "104.244.42.129",
            "104.244.42.1"
        ],
        "ipv6_addresses": [],
        "scan_time": 1646243098.993761
    },
    "uchicago.edu": {
        "ipv4_addresses": [
            "34.200.129.209"
        ],
        "ipv6_addresses": [],
        "scan_time": 1646243174.8336546
    },
    "users.cs.northwestern.edu": {
        "ipv4_addresses": [
            "165.124.180.20"
        ],
        "ipv6_addresses": [],
        "scan_time": 1646243162.4839654
    },
    "walmart.com": {
        "ipv4_addresses": [
            "161.170.232.170",
            "161.170.230.170"
        ],
        "ipv6_addresses": [],
        "scan_time": 1646243144.281583
    },
    "yelp.com": {
        "ipv4_addresses": [
            "199.232.76.116",
            "146.75.76.116",
            "151.101.36.116"
        ],
        "ipv6_addresses": [],
        "scan_time": 1646243112.609617
    },
    "youtube.com": {
        "ipv4_addresses": [
            "142.250.191.238",
            "172.217.0.174",
            "142.250.114.91",
            "142.250.114.93",
            "142.250.190.110",
            "142.250.190.142",
            "142.251.33.174",
            "142.250.114.190",
            "142.250.191.206",
            "172.217.19.142",
            "142.250.114.136",
            "142.251.32.14",
            "142.250.74.110"
        ],
        "ipv6_addresses": [
            "2607:f8b0:4009:818::200e",
            "2a00:1450:400f:803::200e",
            "2a00:1450:4006:803::200e",
            "2607:f8b0:4009:81a::200e",
            "2607:f8b0:4009:81c::200e",
            "2607:f8b0:4009:81b::200e",
            "2607:f8b0:400b:80c::200e",
            "2607:f8b0:4000:809::200e"
        ],
        "scan_time": 1646243092.520493
    }
}